{
  "n": 8179.0,
  "mean": 0.9319700535588574,
  "p50": 0.9992276430130005,
  "p10": 0.7861284494400025,
  "p01": 0.08437009334564209,
  "min": 0.0006384849548339844
}