{
    "accuracy": 0.967266775777414,
    "macro_recall": 0.9734641339514221,
    "weighted_recall": 0.967266775777414,
    "macro_f1": 0.9719434489616343,
    "num_classes": 4,
    "classes": [
        "Black_rot",
        "Esca_(Black_Measles)",
        "Leaf_blight_(Isariopsis_Leaf_Spot)",
        "healthy"
    ]
}