{
  "val_accuracy": 0.9455037519990158,
  "val_recall_macro": 0.9276730018224285,
  "val_f1_macro": 0.9319044734964218,
  "test_accuracy": 0.9408240616212251,
  "test_recall_macro": 0.9107135260590781,
  "test_f1_macro": 0.9178512370786586
}